,0,1
0,1747,-1.0
1,1748,-1.0
2,1749,-1.0
3,1750,-1.0
4,1751,-1.0
5,1752,-1.0
6,1753,-1.0
7,1754,-1.0
8,1755,-1.0
9,1756,-1.0
10,1757,-1.0
11,1758,-1.0
12,1759,-1.0
13,1760,-1.0
14,1761,-1.0
15,1762,-1.0
16,1763,-1.0
17,1764,-1.0
18,1765,-1.0
19,1766,-1.0
20,1767,-1.0
21,1768,-1.0
22,1769,-1.0
23,1770,-1.0
24,1771,-1.0
25,1772,-1.0
26,1773,-1.0
27,1774,-1.0
28,1775,-1.0
29,1776,-1.0
30,1777,-1.0
31,1778,-1.0
32,1779,-1.0
33,1780,-1.0
34,1781,-1.0
35,1782,-1.0
36,1783,-1.0
37,1784,-1.0
38,1785,-1.0
39,1786,-1.0
40,1787,-1.0
41,1788,-1.0
42,1789,-1.0
43,1790,-1.0
44,1791,-1.0
45,1792,-1.0
46,1793,-1.0
47,1794,-1.0
48,1795,-1.0
49,1796,-1.0
50,1797,-1.0
51,1798,-1.0
52,1799,-1.0
53,1800,-1.0
54,1801,-1.0
55,1802,-1.0
56,1803,-1.0
57,1804,-1.0
58,1805,-1.0
59,1806,-1.0
60,1807,-1.0
61,1808,-1.0
62,1809,-1.0
63,1810,-1.0
64,1811,-1.0
65,1812,-1.0
66,1813,-1.0
67,1814,-1.0
68,1815,-1.0
69,1816,-1.0
70,1817,-1.0
71,1818,-1.0
72,1819,-1.0
73,1820,-1.0
74,1821,-1.0
75,1822,-1.0
76,1823,-1.0
77,1824,-1.0
78,1825,-1.0
79,1826,-1.0
80,1827,-1.0
81,1828,-1.0
82,1829,-1.0
83,1830,-1.0
84,1831,-1.0
85,1832,-1.0
86,1833,-1.0
87,1834,-1.0
88,1835,-1.0
89,1836,-1.0
90,1837,-1.0
91,1838,-1.0
92,1839,-1.0
93,1840,-1.0
94,1841,-1.0
95,1842,-1.0
96,1843,-1.0
97,1844,-1.0
98,1845,-1.0
99,1846,-1.0
100,1847,-1.0
101,1848,-1.0
102,1849,-1.0
103,1850,-1.0
104,1851,-1.0
105,1852,-1.0
106,1853,-1.0
107,1854,-1.0
108,1855,-1.0
109,1856,-1.0
110,1857,-1.0
111,1858,-1.0
112,1859,-1.0
113,1860,-1.0
114,1861,-1.0
115,1862,-1.0
116,1863,-1.0
117,1864,-1.0
118,1865,-1.0
119,1866,-1.0
120,1867,-1.0
121,1868,-1.0
122,1869,-1.0
123,1870,-1.0
124,1871,-1.0
125,1872,-1.0
126,1873,-1.0
127,1874,-1.0
128,1875,-1.0
129,1876,-1.0
130,1877,-1.0
131,1878,-1.0
132,1879,-1.0
133,1880,-1.0
134,1881,-1.0
135,1882,-1.0
136,1883,-1.0
137,1884,-1.0
138,1885,-1.0
139,1886,-1.0
140,1887,-1.0
141,1888,-1.0
142,1889,-1.0
143,1890,-1.0
144,1891,-1.0
145,1892,-1.0
146,1893,-1.0
147,1894,-1.0
148,1895,-1.0
149,1896,-1.0
150,1897,-1.0
151,1898,-1.0
152,1899,-1.0
153,1900,-1.0
154,1901,-1.0
155,1902,-1.0
156,1903,-1.0
157,1904,-1.0
158,1905,-1.0
159,1906,-1.0
160,1907,-1.0
161,1908,-1.0
162,1909,-1.0
163,1910,-1.0
164,1911,-1.0
165,1912,-1.0
166,1913,-1.0
167,1914,-1.0
168,1915,-1.0
169,1916,-1.0
170,1917,-1.0
171,1918,-1.0
172,1919,-1.0
173,1920,-1.0
174,1921,-1.0
175,1922,-1.0
176,1923,-1.0
177,1924,-1.0
178,1925,-1.0
179,1926,-1.0
180,1927,-1.0
181,1928,-1.0
182,1929,-1.0
183,1930,-1.0
184,1931,-1.0
185,1932,-1.0
186,1933,-1.0
187,1934,-1.0
188,1935,-1.0
189,1936,-1.0
190,1937,-1.0
191,1938,-1.0
192,1939,-1.0
193,1940,-1.0
194,1941,-1.0
195,1942,-1.0
196,1943,-1.0
197,1944,-1.0
198,1945,-1.0
199,1946,-1.0
200,1947,-1.0
201,1948,-1.0
202,1949,-1.0
203,1950,-1.0
204,1951,-1.0
205,1952,-1.0
206,1953,-1.0
207,1954,-1.0
208,1955,-1.0
209,1956,-1.0
210,1957,-1.0
211,1958,-1.0
212,1959,-1.0
213,1960,-1.0
214,1961,-1.0
215,1962,-1.0
216,1963,-1.0
217,1964,-1.0
218,1965,-1.0
219,1966,-1.0
220,1967,-1.0
221,1968,-1.0
222,1969,-1.0
223,1970,-1.0
224,1971,-1.0
225,1972,-1.0
226,1973,-1.0
227,1974,-1.0
228,1975,-1.0
229,1976,-1.0
230,1977,-1.0
231,1978,-1.0
232,1979,-1.0
233,1980,-1.0
234,1981,-1.0
235,1982,-1.0
236,1983,-1.0
237,1984,-1.0
238,1985,-1.0
239,1986,-1.0
240,1987,-1.0
241,1988,-1.0
242,1989,-1.0
243,1990,-1.0
244,1991,-1.0
245,1992,-1.0
246,1993,-1.0
247,1994,-1.0
248,1995,-1.0
249,1996,-1.0
250,1997,-1.0
251,1998,-1.0
252,1999,-1.0
253,2000,-1.0
254,2001,-1.0
255,2002,-1.0
256,2003,-1.0
257,2004,-1.0
258,2005,-1.0
259,2006,-1.0
260,2007,-1.0
261,2008,-1.0
262,2009,-1.0
263,2010,-1.0
264,2011,-1.0
265,2012,-1.0
266,2013,-1.0
267,2014,-1.0
268,2015,-1.0
269,2016,-1.0
270,2017,-1.0
271,2018,-1.0
272,2019,-1.0
273,2020,-1.0
274,2021,-1.0
275,2022,-1.0
276,2023,-1.0
277,2024,-1.0
278,2025,-1.0
279,2026,-1.0
280,2027,-1.0
281,2028,-1.0
282,2029,-1.0
283,2030,-1.0
284,2031,-1.0
285,2032,-1.0
286,2033,-1.0
287,2034,-1.0
288,2035,-1.0
289,2036,-1.0
290,2037,-1.0
291,2038,-1.0
292,2039,-1.0
293,2040,-1.0
294,2041,-1.0
295,2042,-1.0
296,2043,-1.0
297,2044,-1.0
298,2045,-1.0
299,2046,-1.0
300,2047,-1.0
301,2048,-1.0
302,2049,-1.0
303,2050,-1.0
304,2051,-1.0
305,2052,-1.0
306,2053,-1.0
307,2054,-1.0
308,2055,-1.0
309,2056,-1.0
310,2057,-1.0
311,2058,-1.0
312,2059,-1.0
313,2060,-1.0
314,2061,-1.0
315,2062,-1.0
316,2063,-1.0
317,2064,-1.0
318,2065,-1.0
319,2066,-1.0
320,2067,-1.0
321,2068,-1.0
322,2069,-1.0
323,2070,-1.0
324,2071,-1.0
325,2072,-1.0
326,2073,-1.0
327,2074,-1.0
328,2075,-1.0
329,2076,-1.0
330,2077,-1.0
331,2078,-1.0
332,2079,-1.0
333,2080,-1.0
334,2081,-1.0
335,2082,-1.0
336,2083,-1.0
337,2084,-1.0
338,2085,-1.0
339,2086,-1.0
340,2087,-1.0
341,2088,-1.0
342,2089,-1.0
343,2090,-1.0
344,2091,-1.0
345,2092,-1.0
346,2093,-1.0
347,2094,-1.0
348,2095,-1.0
349,2096,-1.0
350,2097,-1.0
351,2098,-1.0
352,2099,-1.0
353,2100,-1.0
354,2101,-1.0
355,2102,-1.0
356,2103,-1.0
357,2104,-1.0
358,2105,-1.0
359,2106,-1.0
360,2107,-1.0
361,2108,-1.0
362,2109,-1.0
363,2110,-1.0
364,2111,-1.0
365,2112,-1.0
366,2113,-1.0
367,2114,-1.0
368,2115,-1.0
369,2116,-1.0
370,2117,-1.0
371,2118,-1.0
372,2119,-1.0
373,2120,-1.0
374,2121,-1.0
375,2122,-1.0
376,2123,-1.0
377,2124,-1.0
378,2125,-1.0
379,2126,-1.0
380,2127,-1.0
381,2128,-1.0
382,2129,-1.0
383,2130,-1.0
384,2131,-1.0
385,2132,-1.0
386,2133,-1.0
387,2134,-1.0
388,2135,-1.0
389,2136,-1.0
390,2137,-1.0
391,2138,-1.0
392,2139,-1.0
393,2140,-1.0
394,2141,-1.0
395,2142,-1.0
396,2143,-1.0
397,2144,-1.0
398,2145,-1.0
399,2146,-1.0
400,2147,-1.0
401,2148,-1.0
402,2149,-1.0
403,2150,-1.0
404,2151,-1.0
405,2152,-1.0
406,2153,-1.0
407,2154,-1.0
408,2155,-1.0
409,2156,-1.0
410,2157,-1.0
411,2158,-1.0
412,2159,-1.0
413,2160,-1.0
414,2161,-1.0
415,2162,-1.0
416,2163,-1.0
417,2164,-1.0
418,2165,-1.0
419,2166,-1.0
420,2167,-1.0
421,2168,-1.0
422,2169,-1.0
423,2170,-1.0
424,2171,-1.0
425,2172,-1.0
426,2173,-1.0
427,2174,-1.0
428,2175,-1.0
429,2176,-1.0
430,2177,-1.0
431,2178,-1.0
432,2179,-1.0
433,2180,-1.0
434,2181,-1.0
435,2182,-1.0
436,2183,-1.0
437,2184,-1.0
438,2185,-1.0
439,2186,-1.0
440,2187,-1.0
441,2188,-1.0
442,2189,-1.0
443,2190,-1.0
444,2191,-1.0
445,2192,-1.0
446,2193,-1.0
447,2194,-1.0
448,2195,-1.0
449,2196,-1.0
450,2197,-1.0
451,2198,-1.0
452,2199,-1.0
453,2200,-1.0
454,2201,-1.0
455,2202,-1.0
456,2203,-1.0
457,2204,-1.0
458,2205,-1.0
459,2206,-1.0
460,2207,-1.0
461,2208,-1.0
462,2209,-1.0
463,2210,-1.0
464,2211,-1.0
465,2212,-1.0
466,2213,-1.0
467,2214,-1.0
468,2215,-1.0
469,2216,-1.0
470,2217,-1.0
471,2218,-1.0
472,2219,-1.0
473,2220,-1.0
474,2221,-1.0
475,2222,-1.0
476,2223,-1.0
477,2224,-1.0
478,2225,-1.0
479,2226,-1.0
480,2227,-1.0
481,2228,-1.0
482,2229,-1.0
483,2230,-1.0
484,2231,-1.0
485,2232,-1.0
486,2233,-1.0
487,2234,-1.0
488,2235,-1.0
489,2236,-1.0
490,2237,-1.0
491,2238,-1.0
492,2239,-1.0
493,2240,-1.0
494,2241,-1.0
495,2242,-1.0
496,2243,-1.0
497,2244,-1.0
498,2245,-1.0
499,2246,-1.0
500,2247,-1.0
501,2248,-1.0
502,2249,-1.0
503,2250,-1.0
504,2251,-1.0
505,2252,-1.0
506,2253,-1.0
507,2254,-1.0
508,2255,-1.0
509,2256,-1.0
510,2257,-1.0
511,2258,-1.0
512,2259,-1.0
513,2260,-1.0
514,2261,-1.0
515,2262,-1.0
516,2263,-1.0
517,2264,-1.0
518,2265,-1.0
519,2266,-1.0
520,2267,-1.0
521,2268,-1.0
522,2269,-1.0
523,2270,-1.0
524,2271,-1.0
525,2272,-1.0
526,2273,-1.0
527,2274,-1.0
528,2275,-1.0
529,2276,-1.0
530,2277,-1.0
531,2278,-1.0
532,2279,-1.0
533,2280,-1.0
534,2281,-1.0
535,2282,-1.0
536,2283,-1.0
537,2284,-1.0
538,2285,-1.0
539,2286,-1.0
540,2287,-1.0
541,2288,-1.0
542,2289,-1.0
543,2290,-1.0
544,2291,-1.0
545,2292,-1.0
546,2293,-1.0
547,2294,-1.0
548,2295,-1.0
549,2296,-1.0
550,2297,-1.0
551,2298,-1.0
552,2299,-1.0
553,2300,-1.0
554,2301,-1.0
555,2302,-1.0
556,2303,-1.0
557,2304,-1.0
558,2305,-1.0
559,2306,-1.0
560,2307,-1.0
561,2308,-1.0
562,2309,-1.0
563,2310,-1.0
564,2311,-1.0
565,2312,-1.0
566,2313,-1.0
567,2314,-1.0
568,2315,-1.0
569,2316,-1.0
570,2317,-1.0
571,2318,-1.0
572,2319,-1.0
573,2320,-1.0
574,2321,-1.0
575,2322,-1.0
576,2323,-1.0
577,2324,-1.0
578,2325,-1.0
579,2326,-1.0
580,2327,-1.0
581,2328,-1.0
582,2329,-1.0
583,2330,-1.0
584,2331,-1.0
585,2332,-1.0
586,2333,-1.0
587,2334,-1.0
588,2335,-1.0
589,2336,-1.0
590,2337,-1.0
591,2338,-1.0
592,2339,-1.0
593,2340,-1.0
594,2341,-1.0
595,2342,-1.0
596,2343,-1.0
597,2344,-1.0
598,2345,-1.0
599,2346,-1.0
600,2347,-1.0
601,2348,-1.0
602,2349,-1.0
603,2350,-1.0
604,2351,-1.0
605,2352,-1.0
606,2353,-1.0
607,2354,-1.0
608,2355,-1.0
609,2356,-1.0
610,2357,-1.0
611,2358,-1.0
612,2359,-1.0
613,2360,-1.0
614,2361,-1.0
615,2362,-1.0
616,2363,-1.0
617,2364,-1.0
618,2365,-1.0
619,2366,-1.0
620,2367,-1.0
621,2368,-1.0
622,2369,-1.0
623,2370,-1.0
624,2371,-1.0
625,2372,-1.0
626,2373,-1.0
627,2374,-1.0
628,2375,-1.0
629,2376,-1.0
630,2377,-1.0
631,2378,-1.0
632,2379,-1.0
633,2380,-1.0
634,2381,-1.0
635,2382,-1.0
636,2383,-1.0
637,2384,-1.0
638,2385,-1.0
639,2386,-1.0
640,2387,-1.0
641,2388,-1.0
642,2389,-1.0
643,2390,-1.0
644,2391,-1.0
645,2392,-1.0
646,2393,-1.0
647,2394,-1.0
648,2395,-1.0
649,2396,-1.0
650,2397,-1.0
651,2398,-1.0
652,2399,-1.0
653,2400,-1.0
654,2401,-1.0
655,2402,-1.0
656,2403,-1.0
657,2404,-1.0
658,2405,-1.0
659,2406,-1.0
660,2407,-1.0
661,2408,-1.0
662,2409,-1.0
663,2410,-1.0
664,2411,-1.0
665,2412,-1.0
666,2413,-1.0
667,2414,-1.0
668,2415,-1.0
669,2416,-1.0
670,2417,-1.0
671,2418,-1.0
672,2419,-1.0
673,2420,-1.0
674,2421,-1.0
675,2422,-1.0
676,2423,-1.0
677,2424,-1.0
678,2425,-1.0
679,2426,-1.0
680,2427,-1.0
681,2428,-1.0
682,2429,-1.0
683,2430,-1.0
684,2431,-1.0
685,2432,-1.0
686,2433,-1.0
687,2434,-1.0
688,2435,-1.0
689,2436,-1.0
690,2437,-1.0
691,2438,-1.0
692,2439,-1.0
693,2440,-1.0
694,2441,-1.0
695,2442,-1.0
696,2443,-1.0
697,2444,-1.0
698,2445,-1.0
699,2446,-1.0
700,2447,-1.0
701,2448,-1.0
702,2449,-1.0
703,2450,-1.0
704,2451,-1.0
705,2452,-1.0
706,2453,-1.0
707,2454,-1.0
708,2455,-1.0
709,2456,-1.0
710,2457,-1.0
711,2458,-1.0
712,2459,-1.0
713,2460,-1.0
714,2461,-1.0
715,2462,-1.0
716,2463,-1.0
717,2464,-1.0
718,2465,-1.0
719,2466,-1.0
720,2467,-1.0
721,2468,-1.0
722,2469,-1.0
723,2470,-1.0
724,2471,-1.0
725,2472,-1.0
726,2473,-1.0
727,2474,-1.0
728,2475,-1.0
729,2476,-1.0
730,2477,-1.0
731,2478,-1.0
732,2479,-1.0
733,2480,-1.0
734,2481,-1.0
735,2482,-1.0
736,2483,-1.0
737,2484,-1.0
738,2485,-1.0
739,2486,-1.0
740,2487,-1.0
741,2488,-1.0
742,2489,-1.0
743,2490,-1.0
744,2491,-1.0
745,2492,-1.0
746,2493,-1.0
747,2494,-1.0
748,2495,-1.0
749,2496,-1.0
750,2497,-1.0
751,2498,-1.0
752,2499,-1.0
753,2500,-1.0
754,2501,-1.0
755,2502,-1.0
756,2503,-1.0
757,2504,-1.0
758,2505,-1.0
759,2506,-1.0
760,2507,-1.0
761,2508,-1.0
762,2509,-1.0
763,2510,-1.0
764,2511,-1.0
765,2512,-1.0
766,2513,-1.0
767,2514,-1.0
768,2515,-1.0
769,2516,-1.0
770,2517,-1.0
771,2518,-1.0
772,2519,-1.0
773,2520,-1.0
774,2521,-1.0
775,2522,-1.0
776,2523,-1.0
777,2524,-1.0
778,2525,-1.0
779,2526,-1.0
780,2527,-1.0
781,2528,-1.0
782,2529,-1.0
783,2530,-1.0
784,2531,-1.0
785,2532,-1.0
786,2533,-1.0
787,2534,-1.0
788,2535,-1.0
789,2536,-1.0
790,2537,-1.0
791,2538,-1.0
792,2539,-1.0
793,2540,-1.0
794,2541,-1.0
795,2542,-1.0
796,2543,-1.0
797,2544,-1.0
798,2545,-1.0
799,2546,-1.0
800,2547,-1.0
801,2548,-1.0
802,2549,-1.0
803,2550,-1.0
804,2551,-1.0
805,2552,-1.0
806,2553,-1.0
807,2554,-1.0
808,2555,-1.0
809,2556,-1.0
810,2557,-1.0
811,2558,-1.0
812,2559,-1.0
813,2560,-1.0
814,2561,-1.0
815,2562,-1.0
816,2563,-1.0
817,2564,-1.0
818,2565,-1.0
819,2566,-1.0
820,2567,-1.0
821,2568,-1.0
822,2569,-1.0
823,2570,-1.0
824,2571,-1.0
825,2572,-1.0
826,2573,-1.0
827,2574,-1.0
828,2575,-1.0
829,2576,-1.0
830,2577,-1.0
831,2578,-1.0
832,2579,-1.0
833,2580,-1.0
834,2581,-1.0
835,2582,-1.0
836,2583,-1.0
837,2584,-1.0
838,2585,-1.0
839,2586,-1.0
840,2587,-1.0
841,2588,-1.0
842,2589,-1.0
843,2590,-1.0
844,2591,-1.0
845,2592,-1.0
846,2593,-1.0
847,2594,-1.0
848,2595,-1.0
849,2596,-1.0
850,2597,-1.0
851,2598,-1.0
852,2599,-1.0
853,2600,-1.0
854,2601,-1.0
855,2602,-1.0
856,2603,-1.0
857,2604,-1.0
858,2605,-1.0
859,2606,-1.0
860,2607,-1.0
861,2608,-1.0
862,2609,-1.0
863,2610,-1.0
864,2611,-1.0
865,2612,-1.0
866,2613,-1.0
867,2614,-1.0
868,2615,-1.0
869,2616,-1.0
870,2617,-1.0
871,2618,-1.0
872,2619,-1.0
873,2620,-1.0
874,2621,-1.0
875,2622,-1.0
876,2623,-1.0
877,2624,-1.0
878,2625,-1.0
879,2626,-1.0
880,2627,-1.0
881,2628,-1.0
882,2629,-1.0
883,2630,-1.0
884,2631,-1.0
885,2632,-1.0
886,2633,-1.0
887,2634,-1.0
888,2635,-1.0
889,2636,-1.0
890,2637,-1.0
891,2638,-1.0
892,2639,-1.0
893,2640,-1.0
894,2641,-1.0
895,2642,-1.0
896,2643,-1.0
897,2644,-1.0
898,2645,-1.0
899,2646,-1.0
900,2647,-1.0
901,2648,-1.0
902,2649,-1.0
903,2650,-1.0
904,2651,-1.0
905,2652,-1.0
906,2653,-1.0
907,2654,-1.0
908,2655,-1.0
909,2656,-1.0
910,2657,-1.0
911,2658,-1.0
912,2659,-1.0
913,2660,-1.0
914,2661,-1.0
915,2662,-1.0
916,2663,-1.0
917,2664,-1.0
918,2665,-1.0
919,2666,-1.0
920,2667,-1.0
921,2668,-1.0
922,2669,-1.0
923,2670,-1.0
924,2671,-1.0
925,2672,-1.0
926,2673,-1.0
927,2674,-1.0
928,2675,-1.0
929,2676,-1.0
930,2677,-1.0
931,2678,-1.0
932,2679,-1.0
933,2680,-1.0
934,2681,-1.0
935,2682,-1.0
936,2683,-1.0
937,2684,-1.0
938,2685,-1.0
939,2686,-1.0
940,2687,-1.0
941,2688,-1.0
942,2689,-1.0
943,2690,-1.0
944,2691,-1.0
945,2692,-1.0
946,2693,-1.0
947,2694,-1.0
948,2695,-1.0
949,2696,-1.0
950,2697,-1.0
951,2698,-1.0
952,2699,-1.0
953,2700,-1.0
954,2701,-1.0
955,2702,-1.0
956,2703,-1.0
957,2704,-1.0
958,2705,-1.0
959,2706,-1.0
960,2707,-1.0
961,2708,-1.0
962,2709,-1.0
963,2710,-1.0
964,2711,-1.0
965,2712,-1.0
966,2713,-1.0
967,2714,-1.0
968,2715,-1.0
969,2716,-1.0
970,2717,-1.0
971,2718,-1.0
972,2719,-1.0
973,2720,-1.0
974,2721,-1.0
975,2722,-1.0
976,2723,-1.0
977,2724,-1.0
978,2725,-1.0
979,2726,-1.0
980,2727,-1.0
981,2728,-1.0
982,2729,-1.0
983,2730,-1.0
984,2731,-1.0
985,2732,-1.0
986,2733,-1.0
987,2734,-1.0
988,2735,-1.0
989,2736,-1.0
990,2737,-1.0
991,2738,-1.0
992,2739,-1.0
993,2740,-1.0
994,2741,-1.0
995,2742,-1.0
996,2743,-1.0
997,2744,-1.0
998,2745,-1.0
999,2746,-1.0
1000,2747,-1.0
1001,2748,-1.0
1002,2749,-1.0
1003,2750,-1.0
1004,2751,-1.0
1005,2752,-1.0
1006,2753,-1.0
1007,2754,-1.0
1008,2755,-1.0
1009,2756,-1.0
1010,2757,-1.0
1011,2758,-1.0
1012,2759,-1.0
1013,2760,-1.0
1014,2761,-1.0
1015,2762,-1.0
1016,2763,-1.0
1017,2764,-1.0
1018,2765,-1.0
1019,2766,-1.0
1020,2767,-1.0
1021,2768,-1.0
1022,2769,-1.0
1023,2770,-1.0
1024,2771,-1.0
1025,2772,-1.0
1026,2773,-1.0
1027,2774,-1.0
1028,2775,-1.0
1029,2776,-1.0
1030,2777,-1.0
1031,2778,-1.0
1032,2779,-1.0
1033,2780,-1.0
1034,2781,-1.0
1035,2782,-1.0
1036,2783,-1.0
1037,2784,-1.0
1038,2785,-1.0
1039,2786,-1.0
1040,2787,-1.0
1041,2788,-1.0
1042,2789,-1.0
1043,2790,-1.0
1044,2791,-1.0
1045,2792,-1.0
1046,2793,-1.0
1047,2794,-1.0
1048,2795,-1.0
1049,2796,-1.0
1050,2797,-1.0
1051,2798,-1.0
1052,2799,-1.0
1053,2800,-1.0
1054,2801,-1.0
1055,2802,-1.0
1056,2803,-1.0
1057,2804,-1.0
1058,2805,-1.0
1059,2806,-1.0
1060,2807,-1.0
1061,2808,-1.0
1062,2809,-1.0
1063,2810,-1.0
1064,2811,-1.0
1065,2812,-1.0
1066,2813,-1.0
1067,2814,-1.0
1068,2815,-1.0
1069,2816,-1.0
1070,2817,-1.0
1071,2818,-1.0
1072,2819,-1.0
1073,2820,-1.0
1074,2821,-1.0
1075,2822,-1.0
1076,2823,-1.0
1077,2824,-1.0
1078,2825,-1.0
1079,2826,-1.0
1080,2827,-1.0
1081,2828,-1.0
1082,2829,-1.0
1083,2830,-1.0
1084,2831,-1.0
1085,2832,-1.0
1086,2833,-1.0
1087,2834,-1.0
1088,2835,-1.0
1089,2836,-1.0
1090,2837,-1.0
1091,2838,-1.0
1092,2839,-1.0
1093,2840,-1.0
1094,2841,-1.0
1095,2842,-1.0
1096,2843,-1.0
1097,2844,-1.0
1098,2845,-1.0
1099,2846,-1.0
1100,2847,-1.0
1101,2848,-1.0
1102,2849,-1.0
1103,2850,-1.0
1104,2851,-1.0
1105,2852,-1.0
1106,2853,-1.0
1107,2854,-1.0
1108,2855,-1.0
1109,2856,-1.0
1110,2857,-1.0
1111,2858,-1.0
1112,2859,-1.0
1113,2860,-1.0
1114,2861,-1.0
1115,2862,-1.0
1116,2863,-1.0
1117,2864,-1.0
1118,2865,-1.0
1119,2866,-1.0
1120,2867,-1.0
1121,2868,-1.0
1122,2869,-1.0
1123,2870,-1.0
1124,2871,-1.0
1125,2872,-1.0
1126,2873,-1.0
1127,2874,-1.0
1128,2875,-1.0
1129,2876,-1.0
1130,2877,-1.0
1131,2878,-1.0
1132,2879,-1.0
1133,2880,-1.0
1134,2881,-1.0
1135,2882,-1.0
1136,2883,-1.0
1137,2884,-1.0
1138,2885,-1.0
1139,2886,-1.0
1140,2887,-1.0
1141,2888,-1.0
1142,2889,-1.0
1143,2890,-1.0
1144,2891,-1.0
1145,2892,-1.0
1146,2893,-1.0
1147,2894,-1.0
1148,2895,-1.0
1149,2896,-1.0
1150,2897,-1.0
1151,2898,-1.0
1152,2899,-1.0
1153,2900,-1.0
1154,2901,-1.0
1155,2902,-1.0
1156,2903,-1.0
1157,2904,-1.0
1158,2905,-1.0
1159,2906,-1.0
1160,2907,-1.0
1161,2908,-1.0
1162,2909,-1.0
1163,2910,-1.0
1164,2911,-1.0
1165,2912,-1.0
1166,2913,-1.0
1167,2914,-1.0
1168,2915,-1.0
1169,2916,-1.0
1170,2917,-1.0
1171,2918,-1.0
1172,2919,-1.0
1173,2920,-1.0
1174,2921,-1.0
1175,2922,-1.0
1176,2923,-1.0
1177,2924,-1.0
1178,2925,-1.0
1179,2926,-1.0
1180,2927,-1.0
1181,2928,-1.0
1182,2929,-1.0
1183,2930,-1.0
1184,2931,-1.0
1185,2932,-1.0
1186,2933,-1.0
1187,2934,-1.0
1188,2935,-1.0
1189,2936,-1.0
1190,2937,-1.0
1191,2938,-1.0
1192,2939,-1.0
1193,2940,-1.0
1194,2941,-1.0
1195,2942,-1.0
1196,2943,-1.0
1197,2944,-1.0
1198,2945,-1.0
1199,2946,-1.0
1200,2947,-1.0
1201,2948,-1.0
1202,2949,-1.0
1203,2950,-1.0
1204,2951,-1.0
1205,2952,-1.0
1206,2953,-1.0
1207,2954,-1.0
1208,2955,-1.0
1209,2956,-1.0
1210,2957,-1.0
1211,2958,-1.0
1212,2959,-1.0
1213,2960,-1.0
1214,2961,-1.0
1215,2962,-1.0
1216,2963,-1.0
1217,2964,-1.0
1218,2965,-1.0
1219,2966,-1.0
1220,2967,-1.0
1221,2968,-1.0
1222,2969,-1.0
1223,2970,-1.0
1224,2971,-1.0
1225,2972,-1.0
1226,2973,-1.0
1227,2974,-1.0
1228,2975,-1.0
1229,2976,-1.0
1230,2977,-1.0
1231,2978,-1.0
1232,2979,-1.0
1233,2980,-1.0
1234,2981,-1.0
1235,2982,-1.0
1236,2983,-1.0
1237,2984,-1.0
1238,2985,-1.0
1239,2986,-1.0
1240,2987,-1.0
1241,2988,-1.0
1242,2989,-1.0
1243,2990,-1.0
1244,2991,-1.0
1245,2992,-1.0
1246,2993,-1.0
1247,2994,-1.0
1248,2995,-1.0
1249,2996,-1.0
1250,2997,-1.0
1251,2998,-1.0
1252,2999,-1.0
1253,3000,-1.0
1254,3001,-1.0
1255,3002,-1.0
1256,3003,-1.0
1257,3004,-1.0
1258,3005,-1.0
1259,3006,-1.0
1260,3007,-1.0
1261,3008,-1.0
1262,3009,-1.0
1263,3010,-1.0
1264,3011,-1.0
1265,3012,-1.0
1266,3013,-1.0
1267,3014,-1.0
1268,3015,-1.0
1269,3016,-1.0
1270,3017,-1.0
1271,3018,-1.0
1272,3019,-1.0
1273,3020,-1.0
1274,3021,-1.0
1275,3022,-1.0
1276,3023,-1.0
1277,3024,-1.0
1278,3025,-1.0
1279,3026,-1.0
1280,3027,-1.0
1281,3028,-1.0
1282,3029,-1.0
1283,3030,-1.0
1284,3031,-1.0
1285,3032,-1.0
1286,3033,-1.0
1287,3034,-1.0
1288,3035,-1.0
1289,3036,-1.0
1290,3037,-1.0
1291,3038,-1.0
1292,3039,-1.0
1293,3040,-1.0
1294,3041,-1.0
1295,3042,-1.0
1296,3043,-1.0
1297,3044,-1.0
1298,3045,-1.0
1299,3046,-1.0
1300,3047,-1.0
1301,3048,-1.0
1302,3049,-1.0
1303,3050,-1.0
1304,3051,-1.0
1305,3052,-1.0
1306,3053,-1.0
1307,3054,-1.0
1308,3055,-1.0
1309,3056,-1.0
1310,3057,-1.0
1311,3058,-1.0
1312,3059,-1.0
1313,3060,-1.0
1314,3061,-1.0
1315,3062,-1.0
1316,3063,-1.0
1317,3064,-1.0
1318,3065,-1.0
1319,3066,-1.0
1320,3067,-1.0
1321,3068,-1.0
1322,3069,-1.0
1323,3070,-1.0
1324,3071,-1.0
1325,3072,-1.0
1326,3073,-1.0
1327,3074,-1.0
1328,3075,-1.0
1329,3076,-1.0
1330,3077,-1.0
1331,3078,-1.0
1332,3079,-1.0
1333,3080,-1.0
1334,3081,-1.0
1335,3082,-1.0
1336,3083,-1.0
1337,3084,-1.0
1338,3085,-1.0
1339,3086,-1.0
1340,3087,-1.0
1341,3088,-1.0
1342,3089,-1.0
1343,3090,-1.0
1344,3091,-1.0
1345,3092,-1.0
1346,3093,-1.0
1347,3094,-1.0
1348,3095,-1.0
1349,3096,-1.0
1350,3097,-1.0
1351,3098,-1.0
1352,3099,-1.0
1353,3100,-1.0
1354,3101,-1.0
1355,3102,-1.0
1356,3103,-1.0
1357,3104,-1.0
1358,3105,-1.0
1359,3106,-1.0
1360,3107,-1.0
1361,3108,-1.0
1362,3109,-1.0
1363,3110,-1.0
1364,3111,-1.0
1365,3112,-1.0
1366,3113,-1.0
1367,3114,-1.0
1368,3115,-1.0
1369,3116,-1.0
1370,3117,-1.0
1371,3118,-1.0
1372,3119,-1.0
1373,3120,-1.0
1374,3121,-1.0
1375,3122,-1.0
1376,3123,-1.0
1377,3124,-1.0
1378,3125,-1.0
1379,3126,-1.0
1380,3127,-1.0
1381,3128,-1.0
1382,3129,-1.0
1383,3130,-1.0
1384,3131,-1.0
1385,3132,-1.0
1386,3133,-1.0
1387,3134,-1.0
1388,3135,-1.0
1389,3136,-1.0
1390,3137,-1.0
1391,3138,-1.0
1392,3139,-1.0
1393,3140,-1.0
1394,3141,-1.0
1395,3142,-1.0
1396,3143,-1.0
1397,3144,-1.0
1398,3145,-1.0
1399,3146,-1.0
1400,3147,-1.0
1401,3148,-1.0
1402,3149,-1.0
1403,3150,-1.0
1404,3151,-1.0
1405,3152,-1.0
1406,3153,-1.0
1407,3154,-1.0
1408,3155,-1.0
1409,3156,-1.0
1410,3157,-1.0
1411,3158,-1.0
1412,3159,-1.0
1413,3160,-1.0
1414,3161,-1.0
1415,3162,-1.0
1416,3163,-1.0
1417,3164,-1.0
1418,3165,-1.0
1419,3166,-1.0
1420,3167,-1.0
1421,3168,-1.0
1422,3169,-1.0
1423,3170,-1.0
1424,3171,-1.0
1425,3172,-1.0
1426,3173,-1.0
1427,3174,-1.0
1428,3175,-1.0
1429,3176,-1.0
1430,3177,-1.0
1431,3178,-1.0
1432,3179,-1.0
1433,3180,-1.0
1434,3181,-1.0
1435,3182,-1.0
1436,3183,-1.0
1437,3184,-1.0
1438,3185,-1.0
1439,3186,-1.0
1440,3187,-1.0
1441,3188,-1.0
1442,3189,-1.0
1443,3190,-1.0
1444,3191,-1.0
1445,3192,-1.0
1446,3193,-1.0
1447,3194,-1.0
1448,3195,-1.0
1449,3196,-1.0
1450,3197,-1.0
1451,3198,-1.0
1452,3199,-1.0
1453,3200,-1.0
1454,3201,-1.0
1455,3202,-1.0
1456,3203,-1.0
1457,3204,-1.0
1458,3205,-1.0
1459,3206,-1.0
1460,3207,-1.0
1461,3208,-1.0
1462,3209,-1.0
1463,3210,-1.0
1464,3211,-1.0
1465,3212,-1.0
1466,3213,-1.0
1467,3214,-1.0
1468,3215,-1.0
1469,3216,-1.0
1470,3217,-1.0
1471,3218,-1.0
1472,3219,-1.0
1473,3220,-1.0
1474,3221,-1.0
1475,3222,-1.0
1476,3223,-1.0
1477,3224,-1.0
1478,3225,-1.0
1479,3226,-1.0
1480,3227,-1.0
1481,3228,-1.0
1482,3229,-1.0
1483,3230,-1.0
1484,3231,-1.0
1485,3232,-1.0
1486,3233,-1.0
1487,3234,-1.0
1488,3235,-1.0
1489,3236,-1.0
1490,3237,-1.0
1491,3238,-1.0
1492,3239,-1.0
1493,3240,-1.0
1494,3241,-1.0
1495,3242,-1.0
1496,3243,-1.0
1497,3244,-1.0
1498,3245,-1.0
1499,3246,-1.0
1500,3247,-1.0
1501,3248,-1.0
1502,3249,-1.0
1503,3250,-1.0
1504,3251,-1.0
1505,3252,-1.0
1506,3253,-1.0
1507,3254,-1.0
1508,3255,-1.0
1509,3256,-1.0
1510,3257,-1.0
1511,3258,-1.0
1512,3259,-1.0
1513,3260,-1.0
1514,3261,-1.0
1515,3262,-1.0
1516,3263,-1.0
1517,3264,-1.0
1518,3265,-1.0
1519,3266,-1.0
1520,3267,-1.0
1521,3268,-1.0
1522,3269,-1.0
1523,3270,-1.0
1524,3271,-1.0
1525,3272,-1.0
1526,3273,-1.0
1527,3274,-1.0
1528,3275,-1.0
1529,3276,-1.0
1530,3277,-1.0
1531,3278,-1.0
1532,3279,-1.0
1533,3280,-1.0
1534,3281,-1.0
1535,3282,-1.0
1536,3283,-1.0
1537,3284,-1.0
1538,3285,-1.0
1539,3286,-1.0
1540,3287,-1.0
1541,3288,-1.0
1542,3289,-1.0
1543,3290,-1.0
1544,3291,-1.0
1545,3292,-1.0
1546,3293,-1.0
1547,3294,-1.0
1548,3295,-1.0
1549,3296,-1.0
1550,3297,-1.0
1551,3298,-1.0
1552,3299,-1.0
1553,3300,-1.0
1554,3301,-1.0
1555,3302,-1.0
1556,3303,-1.0
1557,3304,-1.0
1558,3305,-1.0
1559,3306,-1.0
1560,3307,-1.0
1561,3308,-1.0
1562,3309,-1.0
1563,3310,-1.0
1564,3311,-1.0
1565,3312,-1.0
1566,3313,-1.0
1567,3314,-1.0
1568,3315,-1.0
1569,3316,-1.0
1570,3317,-1.0
1571,3318,-1.0
1572,3319,-1.0
1573,3320,-1.0
1574,3321,-1.0
1575,3322,-1.0
1576,3323,-1.0
1577,3324,-1.0
1578,3325,-1.0
1579,3326,-1.0
1580,3327,-1.0
1581,3328,-1.0
1582,3329,-1.0
1583,3330,-1.0
1584,3331,-1.0
1585,3332,-1.0
1586,3333,-1.0
1587,3334,-1.0
1588,3335,-1.0
1589,3336,-1.0
1590,3337,-1.0
1591,3338,-1.0
1592,3339,-1.0
1593,3340,-1.0
1594,3341,-1.0
1595,3342,-1.0
1596,3343,-1.0
1597,3344,-1.0
1598,3345,-1.0
1599,3346,-1.0
1600,3347,-1.0
1601,3348,-1.0
1602,3349,-1.0
1603,3350,-1.0
1604,3351,-1.0
1605,3352,-1.0
1606,3353,-1.0
1607,3354,-1.0
1608,3355,-1.0
1609,3356,-1.0
1610,3357,-1.0
1611,3358,-1.0
1612,3359,-1.0
1613,3360,-1.0
1614,3361,-1.0
1615,3362,-1.0
1616,3363,-1.0
1617,3364,-1.0
1618,3365,-1.0
1619,3366,-1.0
1620,3367,-1.0
1621,3368,-1.0
1622,3369,-1.0
1623,3370,-1.0
1624,3371,-1.0
1625,3372,-1.0
1626,3373,-1.0
1627,3374,-1.0
1628,3375,-1.0
1629,3376,-1.0
1630,3377,-1.0
1631,3378,-1.0
1632,3379,-1.0
1633,3380,-1.0
1634,3381,-1.0
1635,3382,-1.0
1636,3383,-1.0
1637,3384,-1.0
1638,3385,-1.0
1639,3386,-1.0
1640,3387,-1.0
1641,3388,-1.0
1642,3389,-1.0
1643,3390,-1.0
1644,3391,-1.0
1645,3392,-1.0
1646,3393,-1.0
1647,3394,-1.0
1648,3395,-1.0
1649,3396,-1.0
1650,3397,-1.0
1651,3398,-1.0
1652,3399,-1.0
1653,3400,-1.0
1654,3401,-1.0
1655,3402,-1.0
1656,3403,-1.0
1657,3404,-1.0
1658,3405,-1.0
1659,3406,-1.0
1660,3407,-1.0
1661,3408,-1.0
1662,3409,-1.0
1663,3410,-1.0
1664,3411,-1.0
1665,3412,-1.0
1666,3413,-1.0
1667,3414,-1.0
1668,3415,-1.0
1669,3416,-1.0
1670,3417,-1.0
1671,3418,-1.0
1672,3419,-1.0
1673,3420,-1.0
1674,3421,-1.0
1675,3422,-1.0
1676,3423,-1.0
1677,3424,-1.0
1678,3425,-1.0
1679,3426,-1.0
1680,3427,-1.0
1681,3428,-1.0
1682,3429,-1.0
1683,3430,-1.0
1684,3431,-1.0
1685,3432,-1.0
1686,3433,-1.0
1687,3434,-1.0
1688,3435,-1.0
1689,3436,-1.0
1690,3437,-1.0
1691,3438,-1.0
1692,3439,-1.0
1693,3440,-1.0
1694,3441,-1.0
1695,3442,-1.0
1696,3443,-1.0
1697,3444,-1.0
1698,3445,-1.0
1699,3446,-1.0
1700,3447,-1.0
1701,3448,-1.0
1702,3449,-1.0
1703,3450,-1.0
1704,3451,-1.0
1705,3452,-1.0
1706,3453,-1.0
1707,3454,-1.0
1708,3455,-1.0
1709,3456,-1.0
1710,3457,-1.0
1711,3458,-1.0
1712,3459,-1.0
1713,3460,-1.0
1714,3461,-1.0
1715,3462,-1.0
1716,3463,-1.0
1717,3464,-1.0
1718,3465,-1.0
1719,3466,-1.0
1720,3467,-1.0
1721,3468,-1.0
1722,3469,-1.0
1723,3470,-1.0
1724,3471,-1.0
1725,3472,-1.0
1726,3473,-1.0
1727,3474,-1.0
1728,3475,-1.0
1729,3476,-1.0
1730,3477,-1.0
1731,3478,-1.0
1732,3479,-1.0
1733,3480,-1.0
1734,3481,-1.0
1735,3482,-1.0
1736,3483,-1.0
1737,3484,-1.0
1738,3485,-1.0
1739,3486,-1.0
1740,3487,-1.0
1741,3488,-1.0
1742,3489,-1.0
1743,3490,-1.0
1744,3491,-1.0
1745,3492,-1.0
1746,3493,-1.0
1747,3494,-1.0
1748,3495,-1.0
1749,3496,-1.0
1750,3497,-1.0
1751,3498,-1.0
1752,3499,-1.0
1753,3500,-1.0
1754,3501,-1.0
1755,3502,-1.0
1756,3503,-1.0
1757,3504,-1.0
1758,3505,-1.0
1759,3506,-1.0
1760,3507,-1.0
1761,3508,-1.0
1762,3509,-1.0
1763,3510,-1.0
1764,3511,-1.0
1765,3512,-1.0
1766,3513,-1.0
1767,3514,-1.0
1768,3515,-1.0
1769,3516,-1.0
1770,3517,-1.0
1771,3518,-1.0
1772,3519,-1.0
1773,3520,-1.0
1774,3521,-1.0
1775,3522,-1.0
1776,3523,-1.0
1777,3524,-1.0
1778,3525,-1.0
1779,3526,-1.0
1780,3527,-1.0
1781,3528,-1.0
1782,3529,-1.0
1783,3530,-1.0
1784,3531,-1.0
1785,3532,-1.0
1786,3533,-1.0
1787,3534,-1.0
1788,3535,-1.0
1789,3536,-1.0
1790,3537,-1.0
1791,3538,-1.0
1792,3539,-1.0
1793,3540,-1.0
1794,3541,-1.0
1795,3542,-1.0
1796,3543,-1.0
1797,3544,-1.0
1798,3545,-1.0
1799,3546,-1.0
1800,3547,-1.0
1801,3548,-1.0
1802,3549,-1.0
1803,3550,-1.0
1804,3551,-1.0
1805,3552,-1.0
1806,3553,-1.0
1807,3554,-1.0
1808,3555,-1.0
1809,3556,-1.0
1810,3557,-1.0
1811,3558,-1.0
1812,3559,-1.0
1813,3560,-1.0
1814,3561,-1.0
1815,3562,-1.0
1816,3563,-1.0
1817,3564,-1.0
1818,3565,-1.0
1819,3566,-1.0
1820,3567,-1.0
1821,3568,-1.0
1822,3569,-1.0
1823,3570,-1.0
1824,3571,-1.0
1825,3572,-1.0
1826,3573,-1.0
1827,3574,-1.0
1828,3575,-1.0
1829,3576,-1.0
1830,3577,-1.0
1831,3578,-1.0
1832,3579,-1.0
1833,3580,-1.0
1834,3581,-1.0
1835,3582,-1.0
1836,3583,-1.0
1837,3584,-1.0
1838,3585,-1.0
1839,3586,-1.0
1840,3587,-1.0
1841,3588,-1.0
1842,3589,-1.0
1843,3590,-1.0
1844,3591,-1.0
1845,3592,-1.0
1846,3593,-1.0
1847,3594,-1.0
1848,3595,-1.0
1849,3596,-1.0
1850,3597,-1.0
1851,3598,-1.0
1852,3599,-1.0
1853,3600,-1.0
1854,3601,-1.0
1855,3602,-1.0
1856,3603,-1.0
1857,3604,-1.0
1858,3605,-1.0
1859,3606,-1.0
1860,3607,-1.0
1861,3608,-1.0
1862,3609,-1.0
1863,3610,-1.0
1864,3611,-1.0
1865,3612,-1.0
1866,3613,-1.0
1867,3614,-1.0
1868,3615,-1.0
1869,3616,-1.0
1870,3617,-1.0
1871,3618,-1.0
1872,3619,-1.0
1873,3620,-1.0
1874,3621,-1.0
1875,3622,-1.0
1876,3623,-1.0
1877,3624,-1.0
1878,3625,-1.0
1879,3626,-1.0
1880,3627,-1.0
1881,3628,-1.0
1882,3629,-1.0
1883,3630,-1.0
1884,3631,-1.0
1885,3632,-1.0
1886,3633,-1.0
1887,3634,-1.0
1888,3635,-1.0
1889,3636,-1.0
1890,3637,-1.0
1891,3638,-1.0
1892,3639,-1.0
1893,3640,-1.0
1894,3641,-1.0
1895,3642,-1.0
1896,3643,-1.0
1897,3644,-1.0
1898,3645,-1.0
1899,3646,-1.0
1900,3647,-1.0
1901,3648,-1.0
1902,3649,-1.0
1903,3650,-1.0
1904,3651,-1.0
1905,3652,-1.0
1906,3653,-1.0
1907,3654,-1.0
1908,3655,-1.0
1909,3656,-1.0
1910,3657,-1.0
1911,3658,-1.0
1912,3659,-1.0
1913,3660,-1.0
1914,3661,-1.0
1915,3662,-1.0
1916,3663,-1.0
1917,3664,-1.0
1918,3665,-1.0
1919,3666,-1.0
1920,3667,-1.0
1921,3668,-1.0
1922,3669,-1.0
1923,3670,-1.0
1924,3671,-1.0
1925,3672,-1.0
1926,3673,-1.0
1927,3674,-1.0
1928,3675,-1.0
1929,3676,-1.0
1930,3677,-1.0
1931,3678,-1.0
1932,3679,-1.0
1933,3680,-1.0
1934,3681,-1.0
1935,3682,-1.0
1936,3683,-1.0
1937,3684,-1.0
1938,3685,-1.0
1939,3686,-1.0
1940,3687,-1.0
1941,3688,-1.0
1942,3689,-1.0
1943,3690,-1.0
1944,3691,-1.0
1945,3692,-1.0
1946,3693,-1.0
1947,3694,-1.0
1948,3695,-1.0
1949,3696,-1.0
1950,3697,-1.0
1951,3698,-1.0
1952,3699,-1.0
1953,3700,-1.0
1954,3701,-1.0
1955,3702,-1.0
1956,3703,-1.0
1957,3704,-1.0
1958,3705,-1.0
1959,3706,-1.0
1960,3707,-1.0
1961,3708,-1.0
1962,3709,-1.0
1963,3710,-1.0
1964,3711,-1.0
1965,3712,-1.0
1966,3713,-1.0
1967,3714,-1.0
1968,3715,-1.0
1969,3716,-1.0
1970,3717,-1.0
1971,3718,-1.0
1972,3719,-1.0
1973,3720,-1.0
1974,3721,-1.0
1975,3722,-1.0
1976,3723,-1.0
1977,3724,-1.0
1978,3725,-1.0
1979,3726,-1.0
1980,3727,-1.0
1981,3728,-1.0
1982,3729,-1.0
1983,3730,-1.0
1984,3731,-1.0
1985,3732,-1.0
1986,3733,-1.0
1987,3734,-1.0
1988,3735,-1.0
1989,3736,-1.0
1990,3737,-1.0
1991,3738,-1.0
1992,3739,-1.0
1993,3740,-1.0
1994,3741,-1.0
1995,3742,-1.0
1996,3743,-1.0
1997,3744,-1.0
1998,3745,-1.0
1999,3746,-1.0
2000,3747,-1.0
2001,3748,-1.0
2002,3749,-1.0
2003,3750,-1.0
2004,3751,-1.0
2005,3752,-1.0
2006,3753,-1.0
2007,3754,-1.0
2008,3755,-1.0
2009,3756,-1.0
2010,3757,-1.0
2011,3758,-1.0
2012,3759,-1.0
2013,3760,-1.0
2014,3761,-1.0
2015,3762,-1.0
2016,3763,-1.0
2017,3764,-1.0
2018,3765,-1.0
2019,3766,-1.0
2020,3767,-1.0
2021,3768,-1.0
2022,3769,-1.0
2023,3770,-1.0
2024,3771,-1.0
2025,3772,-1.0
2026,3773,-1.0
2027,3774,-1.0
2028,3775,-1.0
2029,3776,-1.0
2030,3777,-1.0
2031,3778,-1.0
2032,3779,-1.0
2033,3780,-1.0
2034,3781,-1.0
2035,3782,-1.0
2036,3783,-1.0
2037,3784,-1.0
2038,3785,-1.0
2039,3786,-1.0
2040,3787,-1.0
2041,3788,-1.0
2042,3789,-1.0
2043,3790,-1.0
2044,3791,-1.0
2045,3792,-1.0
2046,3793,-1.0
2047,3794,-1.0
2048,3795,-1.0
2049,3796,-1.0
2050,3797,-1.0
2051,3798,-1.0
2052,3799,-1.0
2053,3800,-1.0
2054,3801,-1.0
2055,3802,-1.0
2056,3803,-1.0
2057,3804,-1.0
2058,3805,-1.0
2059,3806,-1.0
2060,3807,-1.0
2061,3808,-1.0
2062,3809,-1.0
2063,3810,-1.0
2064,3811,-1.0
2065,3812,-1.0
2066,3813,-1.0
2067,3814,-1.0
2068,3815,-1.0
2069,3816,-1.0
2070,3817,-1.0
2071,3818,-1.0
2072,3819,-1.0
2073,3820,-1.0
2074,3821,-1.0
2075,3822,-1.0
2076,3823,-1.0
2077,3824,-1.0
2078,3825,-1.0
2079,3826,-1.0
2080,3827,-1.0
2081,3828,-1.0
2082,3829,-1.0
2083,3830,-1.0
2084,3831,-1.0
2085,3832,-1.0
2086,3833,-1.0
2087,3834,-1.0
2088,3835,-1.0
2089,3836,-1.0
2090,3837,-1.0
2091,3838,-1.0
2092,3839,-1.0
2093,3840,-1.0
2094,3841,-1.0
2095,3842,-1.0
2096,3843,-1.0
2097,3844,-1.0
2098,3845,-1.0
2099,3846,-1.0
2100,3847,-1.0
2101,3848,-1.0
2102,3849,-1.0
2103,3850,-1.0
2104,3851,-1.0
2105,3852,-1.0
2106,3853,-1.0
2107,3854,-1.0
2108,3855,-1.0
2109,3856,-1.0
2110,3857,-1.0
2111,3858,-1.0
2112,3859,-1.0
2113,3860,-1.0
2114,3861,-1.0
2115,3862,-1.0
2116,3863,-1.0
2117,3864,-1.0
2118,3865,-1.0
2119,3866,-1.0
2120,3867,-1.0
2121,3868,-1.0
2122,3869,-1.0
2123,3870,-1.0
2124,3871,-1.0
2125,3872,-1.0
2126,3873,-1.0
2127,3874,-1.0
2128,3875,-1.0
2129,3876,-1.0
2130,3877,-1.0
2131,3878,-1.0
2132,3879,-1.0
2133,3880,-1.0
2134,3881,-1.0
2135,3882,-1.0
2136,3883,-1.0
2137,3884,-1.0
2138,3885,-1.0
2139,3886,-1.0
2140,3887,-1.0
2141,3888,-1.0
2142,3889,-1.0
2143,3890,-1.0
2144,3891,-1.0
2145,3892,-1.0
2146,3893,-1.0
2147,3894,-1.0
2148,3895,-1.0
2149,3896,-1.0
2150,3897,-1.0
2151,3898,-1.0
2152,3899,-1.0
2153,3900,-1.0
2154,3901,-1.0
2155,3902,-1.0
2156,3903,-1.0
2157,3904,-1.0
2158,3905,-1.0
2159,3906,-1.0
2160,3907,-1.0
2161,3908,-1.0
2162,3909,-1.0
2163,3910,-1.0
2164,3911,-1.0
2165,3912,-1.0
2166,3913,-1.0
2167,3914,-1.0
2168,3915,-1.0
2169,3916,-1.0
2170,3917,-1.0
2171,3918,-1.0
2172,3919,-1.0
2173,3920,-1.0
2174,3921,-1.0
2175,3922,-1.0
2176,3923,-1.0
2177,3924,-1.0
2178,3925,-1.0
2179,3926,-1.0
2180,3927,-1.0
2181,3928,-1.0
2182,3929,-1.0
2183,3930,-1.0
2184,3931,-1.0
2185,3932,-1.0
2186,3933,-1.0
2187,3934,-1.0
2188,3935,-1.0
2189,3936,-1.0
2190,3937,-1.0
2191,3938,-1.0
2192,3939,-1.0
2193,3940,-1.0
2194,3941,-1.0
2195,3942,-1.0
2196,3943,-1.0
2197,3944,-1.0
2198,3945,-1.0
2199,3946,-1.0
2200,3947,-1.0
2201,3948,-1.0
2202,3949,-1.0
2203,3950,-1.0
2204,3951,-1.0
2205,3952,-1.0
2206,3953,-1.0
2207,3954,-1.0
2208,3955,-1.0
2209,3956,-1.0
2210,3957,-1.0
2211,3958,-1.0
2212,3959,-1.0
2213,3960,-1.0
2214,3961,-1.0
2215,3962,-1.0
2216,3963,-1.0
2217,3964,-1.0
2218,3965,-1.0
2219,3966,-1.0
2220,3967,-1.0
2221,3968,-1.0
2222,3969,-1.0
2223,3970,-1.0
2224,3971,-1.0
2225,3972,-1.0
2226,3973,-1.0
2227,3974,-1.0
2228,3975,-1.0
2229,3976,-1.0
2230,3977,-1.0
2231,3978,-1.0
2232,3979,-1.0
2233,3980,-1.0
2234,3981,-1.0
2235,3982,-1.0
2236,3983,-1.0
2237,3984,-1.0
2238,3985,-1.0
2239,3986,-1.0
2240,3987,-1.0
2241,3988,-1.0
2242,3989,-1.0
2243,3990,-1.0
2244,3991,-1.0
2245,3992,-1.0
2246,3993,-1.0
2247,3994,-1.0
2248,3995,-1.0
2249,3996,-1.0
2250,3997,-1.0
2251,3998,-1.0
2252,3999,-1.0
2253,4000,-1.0
2254,4001,-1.0
2255,4002,-1.0
2256,4003,-1.0
2257,4004,-1.0
2258,4005,-1.0
2259,4006,-1.0
2260,4007,-1.0
2261,4008,-1.0
2262,4009,-1.0
2263,4010,-1.0
2264,4011,-1.0
2265,4012,-1.0
2266,4013,-1.0
2267,4014,-1.0
2268,4015,-1.0
2269,4016,-1.0
2270,4017,-1.0
2271,4018,-1.0
2272,4019,-1.0
2273,4020,-1.0
2274,4021,-1.0
2275,4022,-1.0
2276,4023,-1.0
2277,4024,-1.0
2278,4025,-1.0
2279,4026,-1.0
2280,4027,-1.0
2281,4028,-1.0
2282,4029,-1.0
2283,4030,-1.0
2284,4031,-1.0
2285,4032,-1.0
2286,4033,-1.0
2287,4034,-1.0
2288,4035,-1.0
2289,4036,-1.0
2290,4037,-1.0
2291,4038,-1.0
2292,4039,-1.0
2293,4040,-1.0
2294,4041,-1.0
2295,4042,-1.0
2296,4043,-1.0
2297,4044,-1.0
2298,4045,-1.0
2299,4046,-1.0
2300,4047,-1.0
2301,4048,-1.0
2302,4049,-1.0
2303,4050,-1.0
2304,4051,-1.0
2305,4052,-1.0
2306,4053,-1.0
2307,4054,-1.0
2308,4055,-1.0
2309,4056,-1.0
2310,4057,-1.0
2311,4058,-1.0
2312,4059,-1.0
2313,4060,-1.0
2314,4061,-1.0
2315,4062,-1.0
2316,4063,-1.0
2317,4064,-1.0
2318,4065,-1.0
2319,4066,-1.0
2320,4067,-1.0
2321,4068,-1.0
2322,4069,-1.0
2323,4070,-1.0
2324,4071,-1.0
2325,4072,-1.0
2326,4073,-1.0
2327,4074,-1.0
2328,4075,-1.0
2329,4076,-1.0
2330,4077,-1.0
2331,4078,-1.0
2332,4079,-1.0
2333,4080,-1.0
2334,4081,-1.0
2335,4082,-1.0
2336,4083,-1.0
2337,4084,-1.0
2338,4085,-1.0
2339,4086,-1.0
2340,4087,-1.0
2341,4088,-1.0
2342,4089,-1.0
2343,4090,-1.0
2344,4091,-1.0
2345,4092,-1.0
2346,4093,-1.0
2347,4094,-1.0
2348,4095,-1.0
2349,4096,-1.0
2350,4097,-1.0
2351,4098,-1.0
2352,4099,-1.0
2353,4100,-1.0
2354,4101,-1.0
2355,4102,-1.0
2356,4103,-1.0
2357,4104,-1.0
2358,4105,-1.0
2359,4106,-1.0
2360,4107,-1.0
2361,4108,-1.0
2362,4109,-1.0
2363,4110,-1.0
2364,4111,-1.0
2365,4112,-1.0
2366,4113,-1.0
2367,4114,-1.0
2368,4115,-1.0
2369,4116,-1.0
2370,4117,-1.0
2371,4118,-1.0
2372,4119,-1.0
2373,4120,-1.0
2374,4121,-1.0
2375,4122,-1.0
2376,4123,-1.0
2377,4124,-1.0
2378,4125,-1.0
2379,4126,-1.0
2380,4127,-1.0
2381,4128,-1.0
2382,4129,-1.0
2383,4130,-1.0
2384,4131,-1.0
2385,4132,-1.0
2386,4133,-1.0
2387,4134,-1.0
2388,4135,-1.0
2389,4136,-1.0
2390,4137,-1.0
2391,4138,-1.0
2392,4139,-1.0
2393,4140,-1.0
2394,4141,-1.0
2395,4142,-1.0
2396,4143,-1.0
2397,4144,-1.0
2398,4145,-1.0
2399,4146,-1.0
2400,4147,-1.0
2401,4148,-1.0
2402,4149,-1.0
2403,4150,-1.0
2404,4151,-1.0
2405,4152,-1.0
2406,4153,-1.0
2407,4154,-1.0
2408,4155,-1.0
2409,4156,-1.0
2410,4157,-1.0
2411,4158,-1.0
2412,4159,-1.0
2413,4160,-1.0
2414,4161,-1.0
2415,4162,-1.0
2416,4163,-1.0
2417,4164,-1.0
2418,4165,-1.0
2419,4166,-1.0
2420,4167,-1.0
2421,4168,-1.0
2422,4169,-1.0
2423,4170,-1.0
2424,4171,-1.0
2425,4172,-1.0
2426,4173,-1.0
2427,4174,-1.0
2428,4175,-1.0
2429,4176,-1.0
2430,4177,-1.0
2431,4178,-1.0
2432,4179,-1.0
2433,4180,-1.0
2434,4181,-1.0
2435,4182,-1.0
2436,4183,-1.0
2437,4184,-1.0
2438,4185,-1.0
2439,4186,-1.0
2440,4187,-1.0
2441,4188,-1.0
2442,4189,-1.0
2443,4190,-1.0
2444,4191,-1.0
2445,4192,-1.0
2446,4193,-1.0
2447,4194,-1.0
2448,4195,-1.0
2449,4196,-1.0
2450,4197,-1.0
2451,4198,-1.0
2452,4199,-1.0
2453,4200,-1.0
2454,4201,-1.0
2455,4202,-1.0
2456,4203,-1.0
2457,4204,-1.0
2458,4205,-1.0
2459,4206,-1.0
2460,4207,-1.0
2461,4208,-1.0
2462,4209,-1.0
2463,4210,-1.0
2464,4211,-1.0
2465,4212,-1.0
2466,4213,-1.0
2467,4214,-1.0
2468,4215,-1.0
2469,4216,-1.0
2470,4217,-1.0
2471,4218,-1.0
2472,4219,-1.0
2473,4220,-1.0
2474,4221,-1.0
2475,4222,-1.0
2476,4223,-1.0
2477,4224,-1.0
2478,4225,-1.0
2479,4226,-1.0
2480,4227,-1.0
2481,4228,-1.0
2482,4229,-1.0
2483,4230,-1.0
2484,4231,-1.0
2485,4232,-1.0
2486,4233,-1.0
2487,4234,-1.0
2488,4235,-1.0
2489,4236,-1.0
2490,4237,-1.0
2491,4238,-1.0
2492,4239,-1.0
2493,4240,-1.0
2494,4241,-1.0
2495,4242,-1.0
2496,4243,-1.0
2497,4244,-1.0
2498,4245,-1.0
2499,4246,-1.0
2500,4247,-1.0
2501,4248,-1.0
2502,4249,-1.0
2503,4250,-1.0
2504,4251,-1.0
2505,4252,-1.0
2506,4253,-1.0
2507,4254,-1.0
2508,4255,-1.0
2509,4256,-1.0
2510,4257,-1.0
2511,4258,-1.0
2512,4259,-1.0
2513,4260,-1.0
2514,4261,-1.0
2515,4262,-1.0
2516,4263,-1.0
2517,4264,-1.0
2518,4265,-1.0
2519,4266,-1.0
2520,4267,-1.0
2521,4268,-1.0
2522,4269,-1.0
2523,4270,-1.0
2524,4271,-1.0
2525,4272,-1.0
2526,4273,-1.0
2527,4274,-1.0
2528,4275,-1.0
2529,4276,-1.0
2530,4277,-1.0
2531,4278,-1.0
2532,4279,-1.0
2533,4280,-1.0
2534,4281,-1.0
2535,4282,-1.0
2536,4283,-1.0
2537,4284,-1.0
2538,4285,-1.0
2539,4286,-1.0
2540,4287,-1.0
2541,4288,-1.0
2542,4289,-1.0
2543,4290,-1.0
2544,4291,-1.0
2545,4292,-1.0
2546,4293,-1.0
2547,4294,-1.0
2548,4295,-1.0
2549,4296,-1.0
2550,4297,-1.0
2551,4298,-1.0
2552,4299,-1.0
2553,4300,-1.0
2554,4301,-1.0
2555,4302,-1.0
2556,4303,-1.0
2557,4304,-1.0
2558,4305,-1.0
2559,4306,-1.0
2560,4307,-1.0
2561,4308,-1.0
2562,4309,-1.0
2563,4310,-1.0
2564,4311,-1.0
2565,4312,-1.0
2566,4313,-1.0
2567,4314,-1.0
2568,4315,-1.0
2569,4316,-1.0
2570,4317,-1.0
2571,4318,-1.0
2572,4319,-1.0
2573,4320,-1.0
2574,4321,-1.0
2575,4322,-1.0
2576,4323,-1.0
2577,4324,-1.0
2578,4325,-1.0
2579,4326,-1.0
2580,4327,-1.0
2581,4328,-1.0
2582,4329,-1.0
2583,4330,-1.0
2584,4331,-1.0
2585,4332,-1.0
2586,4333,-1.0
2587,4334,-1.0
2588,4335,-1.0
2589,4336,-1.0
2590,4337,-1.0
2591,4338,-1.0
2592,4339,-1.0
2593,4340,-1.0
2594,4341,-1.0
2595,4342,-1.0
2596,4343,-1.0
2597,4344,-1.0
2598,4345,-1.0
2599,4346,-1.0
2600,4347,-1.0
2601,4348,-1.0
2602,4349,-1.0
2603,4350,-1.0
2604,4351,-1.0
2605,4352,-1.0
2606,4353,-1.0
2607,4354,-1.0
2608,4355,-1.0
2609,4356,-1.0
2610,4357,-1.0
2611,4358,-1.0
2612,4359,-1.0
2613,4360,-1.0
2614,4361,-1.0
2615,4362,-1.0
2616,4363,-1.0
2617,4364,-1.0
2618,4365,-1.0
2619,4366,-1.0
2620,4367,-1.0
2621,4368,-1.0
2622,4369,-1.0
2623,4370,-1.0
2624,4371,-1.0
2625,4372,-1.0
2626,4373,-1.0
2627,4374,-1.0
2628,4375,-1.0
2629,4376,-1.0
2630,4377,-1.0
2631,4378,-1.0
2632,4379,-1.0
2633,4380,-1.0
2634,4381,-1.0
2635,4382,-1.0
2636,4383,-1.0
2637,4384,-1.0
2638,4385,-1.0
2639,4386,-1.0
2640,4387,-1.0
2641,4388,-1.0
2642,4389,-1.0
2643,4390,-1.0
2644,4391,-1.0
2645,4392,-1.0
2646,4393,-1.0
2647,4394,-1.0
2648,4395,-1.0
2649,4396,-1.0
2650,4397,-1.0
2651,4398,-1.0
2652,4399,-1.0
2653,4400,-1.0
2654,4401,-1.0
2655,4402,-1.0
2656,4403,-1.0
2657,4404,-1.0
2658,4405,-1.0
2659,4406,-1.0
2660,4407,-1.0
2661,4408,-1.0
2662,4409,-1.0
2663,4410,-1.0
2664,4411,-1.0
2665,4412,-1.0
2666,4413,-1.0
2667,4414,-1.0
2668,4415,-1.0
2669,4416,-1.0
2670,4417,-1.0
2671,4418,-1.0
2672,4419,-1.0
2673,4420,-1.0
2674,4421,-1.0
2675,4422,-1.0
2676,4423,-1.0
2677,4424,-1.0
2678,4425,-1.0
2679,4426,-1.0
2680,4427,-1.0
2681,4428,-1.0
2682,4429,-1.0
2683,4430,-1.0
2684,4431,-1.0
2685,4432,-1.0
2686,4433,-1.0
2687,4434,-1.0
2688,4435,-1.0
2689,4436,-1.0
2690,4437,-1.0
2691,4438,-1.0
2692,4439,-1.0
2693,4440,-1.0
2694,4441,-1.0
2695,4442,-1.0
2696,4443,-1.0
2697,4444,-1.0
2698,4445,-1.0
2699,4446,-1.0
2700,4447,-1.0
2701,4448,-1.0
2702,4449,-1.0
2703,4450,-1.0
2704,4451,-1.0
2705,4452,-1.0
2706,4453,-1.0
2707,4454,-1.0
2708,4455,-1.0
2709,4456,-1.0
2710,4457,-1.0
2711,4458,-1.0
2712,4459,-1.0
2713,4460,-1.0
2714,4461,-1.0
2715,4462,-1.0
2716,4463,-1.0
2717,4464,-1.0
2718,4465,-1.0
2719,4466,-1.0
2720,4467,-1.0
2721,4468,-1.0
2722,4469,-1.0
2723,4470,-1.0
2724,4471,-1.0
2725,4472,-1.0
2726,4473,-1.0
2727,4474,-1.0
2728,4475,-1.0
2729,4476,-1.0
2730,4477,-1.0
2731,4478,-1.0
2732,4479,-1.0
2733,4480,-1.0
2734,4481,-1.0
2735,4482,-1.0
2736,4483,-1.0
2737,4484,-1.0
2738,4485,-1.0
2739,4486,-1.0
2740,4487,-1.0
2741,4488,-1.0
2742,4489,-1.0
2743,4490,-1.0
2744,4491,-1.0
2745,4492,-1.0
2746,4493,-1.0
2747,4494,-1.0
2748,4495,-1.0
2749,4496,-1.0
2750,4497,-1.0
2751,4498,-1.0
2752,4499,-1.0
2753,4500,-1.0
2754,4501,-1.0
2755,4502,-1.0
2756,4503,-1.0
2757,4504,-1.0
2758,4505,-1.0
2759,4506,-1.0
2760,4507,-1.0
2761,4508,-1.0
2762,4509,-1.0
2763,4510,-1.0
2764,4511,-1.0
2765,4512,-1.0
2766,4513,-1.0
2767,4514,-1.0
2768,4515,-1.0
2769,4516,-1.0
2770,4517,-1.0
2771,4518,-1.0
2772,4519,-1.0
2773,4520,-1.0
2774,4521,-1.0
2775,4522,-1.0
2776,4523,-1.0
2777,4524,-1.0
2778,4525,-1.0
2779,4526,-1.0
2780,4527,-1.0
2781,4528,-1.0
2782,4529,-1.0
2783,4530,-1.0
2784,4531,-1.0
2785,4532,-1.0
2786,4533,-1.0
2787,4534,-1.0
2788,4535,-1.0
2789,4536,-1.0
2790,4537,-1.0
2791,4538,-1.0
2792,4539,-1.0
2793,4540,-1.0
2794,4541,-1.0
2795,4542,-1.0
2796,4543,-1.0
2797,4544,-1.0
2798,4545,-1.0
2799,4546,-1.0
2800,4547,-1.0
2801,4548,-1.0
2802,4549,-1.0
2803,4550,-1.0
2804,4551,-1.0
2805,4552,-1.0
2806,4553,-1.0
2807,4554,-1.0
2808,4555,-1.0
2809,4556,-1.0
2810,4557,-1.0
2811,4558,-1.0
2812,4559,-1.0
2813,4560,-1.0
2814,4561,-1.0
2815,4562,-1.0
2816,4563,-1.0
2817,4564,-1.0
2818,4565,-1.0
2819,4566,-1.0
2820,4567,-1.0
2821,4568,-1.0
2822,4569,-1.0
2823,4570,-1.0
2824,4571,-1.0
2825,4572,-1.0
2826,4573,-1.0
2827,4574,-1.0
2828,4575,-1.0
2829,4576,-1.0
2830,4577,-1.0
2831,4578,-1.0
2832,4579,-1.0
2833,4580,-1.0
2834,4581,-1.0
2835,4582,-1.0
2836,4583,-1.0
2837,4584,-1.0
2838,4585,-1.0
2839,4586,-1.0
2840,4587,-1.0
2841,4588,-1.0
2842,4589,-1.0
2843,4590,-1.0
2844,4591,-1.0
2845,4592,-1.0
2846,4593,-1.0
2847,4594,-1.0
2848,4595,-1.0
2849,4596,-1.0
2850,4597,-1.0
2851,4598,-1.0
2852,4599,-1.0
2853,4600,-1.0
2854,4601,-1.0
2855,4602,-1.0
2856,4603,-1.0
2857,4604,-1.0
2858,4605,-1.0
2859,4606,-1.0
2860,4607,-1.0
2861,4608,-1.0
2862,4609,-1.0
2863,4610,-1.0
2864,4611,-1.0
2865,4612,-1.0
2866,4613,-1.0
2867,4614,-1.0
2868,4615,-1.0
2869,4616,-1.0
2870,4617,-1.0
2871,4618,-1.0
2872,4619,-1.0
2873,4620,-1.0
2874,4621,-1.0
2875,4622,-1.0
2876,4623,-1.0
2877,4624,-1.0
2878,4625,-1.0
2879,4626,-1.0
2880,4627,-1.0
2881,4628,-1.0
2882,4629,-1.0
2883,4630,-1.0
2884,4631,-1.0
2885,4632,-1.0
2886,4633,-1.0
2887,4634,-1.0
2888,4635,-1.0
2889,4636,-1.0
2890,4637,-1.0
2891,4638,-1.0
2892,4639,-1.0
2893,4640,-1.0
2894,4641,-1.0
2895,4642,-1.0
2896,4643,-1.0
2897,4644,-1.0
2898,4645,-1.0
2899,4646,-1.0
2900,4647,-1.0
2901,4648,-1.0
2902,4649,-1.0
2903,4650,-1.0
2904,4651,-1.0
2905,4652,-1.0
2906,4653,-1.0
2907,4654,-1.0
2908,4655,-1.0
2909,4656,-1.0
2910,4657,-1.0
2911,4658,-1.0
2912,4659,-1.0
2913,4660,-1.0
2914,4661,-1.0
2915,4662,-1.0
2916,4663,-1.0
2917,4664,-1.0
2918,4665,-1.0
2919,4666,-1.0
2920,4667,-1.0
2921,4668,-1.0
2922,4669,-1.0
2923,4670,-1.0
2924,4671,-1.0
2925,4672,-1.0
2926,4673,-1.0
2927,4674,-1.0
2928,4675,-1.0
2929,4676,-1.0
2930,4677,-1.0
2931,4678,-1.0
2932,4679,-1.0
2933,4680,-1.0
2934,4681,-1.0
2935,4682,-1.0
2936,4683,-1.0
2937,4684,-1.0
2938,4685,-1.0
2939,4686,-1.0
2940,4687,-1.0
2941,4688,-1.0
2942,4689,-1.0
2943,4690,-1.0
2944,4691,-1.0
2945,4692,-1.0
2946,4693,-1.0
2947,4694,-1.0
2948,4695,-1.0
2949,4696,-1.0
2950,4697,-1.0
2951,4698,-1.0
2952,4699,-1.0
2953,4700,-1.0
2954,4701,-1.0
2955,4702,-1.0
2956,4703,-1.0
2957,4704,-1.0
2958,4705,-1.0
2959,4706,-1.0
2960,4707,-1.0
2961,4708,-1.0
2962,4709,-1.0
2963,4710,-1.0
2964,4711,-1.0
2965,4712,-1.0
2966,4713,-1.0
2967,4714,-1.0
2968,4715,-1.0
2969,4716,-1.0
2970,4717,-1.0
2971,4718,-1.0
2972,4719,-1.0
2973,4720,-1.0
2974,4721,-1.0
2975,4722,-1.0
2976,4723,-1.0
2977,4724,-1.0
2978,4725,-1.0
2979,4726,-1.0
2980,4727,-1.0
2981,4728,-1.0
2982,4729,-1.0
2983,4730,-1.0
2984,4731,-1.0
2985,4732,-1.0
2986,4733,-1.0
2987,4734,-1.0
2988,4735,-1.0
2989,4736,-1.0
2990,4737,-1.0
2991,4738,-1.0
2992,4739,-1.0
2993,4740,-1.0
2994,4741,-1.0
2995,4742,-1.0
2996,4743,-1.0
2997,4744,-1.0
2998,4745,-1.0
2999,4746,-1.0
3000,4747,-1.0
3001,4748,-1.0
3002,4749,-1.0
3003,4750,-1.0
3004,4751,-1.0
3005,4752,-1.0
3006,4753,-1.0
3007,4754,-1.0
3008,4755,-1.0
3009,4756,-1.0
3010,4757,-1.0
3011,4758,-1.0
3012,4759,-1.0
3013,4760,-1.0
3014,4761,-1.0
3015,4762,-1.0
3016,4763,-1.0
3017,4764,-1.0
3018,4765,-1.0
3019,4766,-1.0
3020,4767,-1.0
3021,4768,-1.0
3022,4769,-1.0
3023,4770,-1.0
3024,4771,-1.0
3025,4772,-1.0
3026,4773,-1.0
3027,4774,-1.0
3028,4775,-1.0
3029,4776,-1.0
3030,4777,-1.0
3031,4778,-1.0
3032,4779,-1.0
3033,4780,-1.0
3034,4781,-1.0
3035,4782,-1.0
3036,4783,-1.0
3037,4784,-1.0
3038,4785,-1.0
3039,4786,-1.0
3040,4787,-1.0
3041,4788,-1.0
3042,4789,-1.0
3043,4790,-1.0
3044,4791,-1.0
3045,4792,-1.0
3046,4793,-1.0
3047,4794,-1.0
3048,4795,-1.0
3049,4796,-1.0
3050,4797,-1.0
3051,4798,-1.0
3052,4799,-1.0
3053,4800,-1.0
3054,4801,-1.0
3055,4802,-1.0
3056,4803,-1.0
3057,4804,-1.0
3058,4805,-1.0
3059,4806,-1.0
3060,4807,-1.0
3061,4808,-1.0
3062,4809,-1.0
3063,4810,-1.0
3064,4811,-1.0
3065,4812,-1.0
3066,4813,-1.0
3067,4814,-1.0
3068,4815,-1.0
3069,4816,-1.0
3070,4817,-1.0
3071,4818,-1.0
3072,4819,-1.0
3073,4820,-1.0
3074,4821,-1.0
3075,4822,-1.0
3076,4823,-1.0
3077,4824,-1.0
3078,4825,-1.0
3079,4826,-1.0
3080,4827,-1.0
3081,4828,-1.0
3082,4829,-1.0
3083,4830,-1.0
3084,4831,-1.0
3085,4832,-1.0
3086,4833,-1.0
3087,4834,-1.0
3088,4835,-1.0
3089,4836,-1.0
3090,4837,-1.0
3091,4838,-1.0
3092,4839,-1.0
3093,4840,-1.0
3094,4841,-1.0
3095,4842,-1.0
3096,4843,-1.0
3097,4844,-1.0
3098,4845,-1.0
3099,4846,-1.0
3100,4847,-1.0
3101,4848,-1.0
3102,4849,-1.0
3103,4850,-1.0
3104,4851,-1.0
3105,4852,-1.0
3106,4853,-1.0
3107,4854,-1.0
3108,4855,-1.0
3109,4856,-1.0
3110,4857,-1.0
3111,4858,-1.0
3112,4859,-1.0
3113,4860,-1.0
3114,4861,-1.0
3115,4862,-1.0
3116,4863,-1.0
3117,4864,-1.0
3118,4865,-1.0
3119,4866,-1.0
3120,4867,-1.0
3121,4868,-1.0
3122,4869,-1.0
3123,4870,-1.0
3124,4871,-1.0
3125,4872,-1.0
3126,4873,-1.0
3127,4874,-1.0
3128,4875,-1.0
3129,4876,-1.0
3130,4877,-1.0
3131,4878,-1.0
3132,4879,-1.0
3133,4880,-1.0
3134,4881,-1.0
3135,4882,-1.0
3136,4883,-1.0
3137,4884,-1.0
3138,4885,-1.0
3139,4886,-1.0
3140,4887,-1.0
3141,4888,-1.0
3142,4889,-1.0
3143,4890,-1.0
3144,4891,-1.0
3145,4892,-1.0
3146,4893,-1.0
3147,4894,-1.0
3148,4895,-1.0
3149,4896,-1.0
3150,4897,-1.0
3151,4898,-1.0
3152,4899,-1.0
3153,4900,-1.0
3154,4901,-1.0
3155,4902,-1.0
3156,4903,-1.0
3157,4904,-1.0
3158,4905,-1.0
3159,4906,-1.0
3160,4907,-1.0
3161,4908,-1.0
3162,4909,-1.0
3163,4910,-1.0
3164,4911,-1.0
3165,4912,-1.0
3166,4913,-1.0
3167,4914,-1.0
3168,4915,-1.0
3169,4916,-1.0
3170,4917,-1.0
3171,4918,-1.0
3172,4919,-1.0
3173,4920,-1.0
3174,4921,-1.0
3175,4922,-1.0
3176,4923,-1.0
3177,4924,-1.0
3178,4925,-1.0
3179,4926,-1.0
3180,4927,-1.0
3181,4928,-1.0
3182,4929,-1.0
3183,4930,-1.0
3184,4931,-1.0
3185,4932,-1.0
3186,4933,-1.0
3187,4934,-1.0
3188,4935,-1.0
3189,4936,-1.0
3190,4937,-1.0
3191,4938,-1.0
3192,4939,-1.0
3193,4940,-1.0
3194,4941,-1.0
3195,4942,-1.0
3196,4943,-1.0
3197,4944,-1.0
3198,4945,-1.0
3199,4946,-1.0
3200,4947,-1.0
3201,4948,-1.0
3202,4949,-1.0
3203,4950,-1.0
3204,4951,-1.0
3205,4952,-1.0
3206,4953,-1.0
3207,4954,-1.0
3208,4955,-1.0
3209,4956,-1.0
3210,4957,-1.0
3211,4958,-1.0
3212,4959,-1.0
3213,4960,-1.0
3214,4961,-1.0
3215,4962,-1.0
3216,4963,-1.0
3217,4964,-1.0
3218,4965,-1.0
3219,4966,-1.0
3220,4967,-1.0
3221,4968,-1.0
3222,4969,-1.0
3223,4970,-1.0
3224,4971,-1.0
3225,4972,-1.0
3226,4973,-1.0
3227,4974,-1.0
3228,4975,-1.0
3229,4976,-1.0
3230,4977,-1.0
3231,4978,-1.0
3232,4979,-1.0
3233,4980,-1.0
3234,4981,-1.0
3235,4982,-1.0
3236,4983,-1.0
3237,4984,-1.0
3238,4985,-1.0
3239,4986,-1.0
3240,4987,-1.0
3241,4988,-1.0
3242,4989,-1.0
3243,4990,-1.0
3244,4991,-1.0
3245,4992,-1.0
3246,4993,-1.0
3247,4994,-1.0
3248,4995,-1.0
3249,4996,-1.0
3250,4997,-1.0
3251,4998,-1.0
3252,4999,-1.0
3253,5000,-1.0
3254,5001,-1.0
3255,5002,-1.0
3256,5003,-1.0
3257,5004,-1.0
3258,5005,-1.0
3259,5006,-1.0
3260,5007,-1.0
3261,5008,-1.0
3262,5009,-1.0
3263,5010,-1.0
3264,5011,-1.0
3265,5012,-1.0
3266,5013,-1.0
3267,5014,-1.0
3268,5015,-1.0
3269,5016,-1.0
3270,5017,-1.0
3271,5018,-1.0
3272,5019,-1.0
3273,5020,-1.0
3274,5021,-1.0
3275,5022,-1.0
3276,5023,-1.0
3277,5024,-1.0
3278,5025,-1.0
3279,5026,-1.0
3280,5027,-1.0
3281,5028,-1.0
3282,5029,-1.0
3283,5030,-1.0
3284,5031,-1.0
3285,5032,-1.0
3286,5033,-1.0
3287,5034,-1.0
3288,5035,-1.0
3289,5036,-1.0
3290,5037,-1.0
3291,5038,-1.0
3292,5039,-1.0
3293,5040,-1.0
3294,5041,-1.0
3295,5042,-1.0
3296,5043,-1.0
3297,5044,-1.0
3298,5045,-1.0
3299,5046,-1.0
3300,5047,-1.0
3301,5048,-1.0
3302,5049,-1.0
3303,5050,-1.0
3304,5051,-1.0
3305,5052,-1.0
3306,5053,-1.0
3307,5054,-1.0
3308,5055,-1.0
3309,5056,-1.0
3310,5057,-1.0
3311,5058,-1.0
3312,5059,-1.0
3313,5060,-1.0
3314,5061,-1.0
3315,5062,-1.0
3316,5063,-1.0
3317,5064,-1.0
3318,5065,-1.0
3319,5066,-1.0
3320,5067,-1.0
3321,5068,-1.0
3322,5069,-1.0
3323,5070,-1.0
3324,5071,-1.0
3325,5072,-1.0
3326,5073,-1.0
3327,5074,-1.0
3328,5075,-1.0
3329,5076,-1.0
3330,5077,-1.0
3331,5078,-1.0
3332,5079,-1.0
3333,5080,-1.0
3334,5081,-1.0
3335,5082,-1.0
3336,5083,-1.0
3337,5084,-1.0
3338,5085,-1.0
3339,5086,-1.0
3340,5087,-1.0
3341,5088,-1.0
3342,5089,-1.0
3343,5090,-1.0
3344,5091,-1.0
3345,5092,-1.0
3346,5093,-1.0
3347,5094,-1.0
3348,5095,-1.0
3349,5096,-1.0
3350,5097,-1.0
3351,5098,-1.0
3352,5099,-1.0
3353,5100,-1.0
3354,5101,-1.0
3355,5102,-1.0
3356,5103,-1.0
3357,5104,-1.0
3358,5105,-1.0
3359,5106,-1.0
3360,5107,-1.0
3361,5108,-1.0
3362,5109,-1.0
3363,5110,-1.0
3364,5111,-1.0
3365,5112,-1.0
3366,5113,-1.0
3367,5114,-1.0
3368,5115,-1.0
3369,5116,-1.0
3370,5117,-1.0
3371,5118,-1.0
3372,5119,-1.0
3373,5120,-1.0
3374,5121,-1.0
3375,5122,-1.0
3376,5123,-1.0
3377,5124,-1.0
3378,5125,-1.0
3379,5126,-1.0
3380,5127,-1.0
3381,5128,-1.0
3382,5129,-1.0
3383,5130,-1.0
3384,5131,-1.0
3385,5132,-1.0
3386,5133,-1.0
3387,5134,-1.0
3388,5135,-1.0
3389,5136,-1.0
3390,5137,-1.0
3391,5138,-1.0
3392,5139,-1.0
3393,5140,-1.0
3394,5141,-1.0
3395,5142,-1.0
3396,5143,-1.0
3397,5144,-1.0
3398,5145,-1.0
3399,5146,-1.0
3400,5147,-1.0
3401,5148,-1.0
3402,5149,-1.0
3403,5150,-1.0
3404,5151,-1.0
3405,5152,-1.0
3406,5153,-1.0
3407,5154,-1.0
3408,5155,-1.0
3409,5156,-1.0
3410,5157,-1.0
3411,5158,-1.0
3412,5159,-1.0
3413,5160,-1.0
3414,5161,-1.0
3415,5162,-1.0
3416,5163,-1.0
3417,5164,-1.0
3418,5165,-1.0
3419,5166,-1.0
3420,5167,-1.0
3421,5168,-1.0
3422,5169,-1.0
3423,5170,-1.0
3424,5171,-1.0
3425,5172,-1.0
3426,5173,-1.0
3427,5174,-1.0
3428,5175,-1.0
3429,5176,-1.0
3430,5177,-1.0
3431,5178,-1.0
3432,5179,-1.0
3433,5180,-1.0
3434,5181,-1.0
3435,5182,-1.0
3436,5183,-1.0
3437,5184,-1.0
3438,5185,-1.0
3439,5186,-1.0
3440,5187,-1.0
3441,5188,-1.0
3442,5189,-1.0
3443,5190,-1.0
3444,5191,-1.0
3445,5192,-1.0
3446,5193,-1.0
3447,5194,-1.0
3448,5195,-1.0
3449,5196,-1.0
3450,5197,-1.0
3451,5198,-1.0
3452,5199,-1.0
3453,5200,-1.0
3454,5201,-1.0
3455,5202,-1.0
3456,5203,-1.0
3457,5204,-1.0
3458,5205,-1.0
3459,5206,-1.0
3460,5207,-1.0
3461,5208,-1.0
3462,5209,-1.0
3463,5210,-1.0
3464,5211,-1.0
3465,5212,-1.0
3466,5213,-1.0
3467,5214,-1.0
3468,5215,-1.0
3469,5216,-1.0
3470,5217,-1.0
3471,5218,-1.0
3472,5219,-1.0
3473,5220,-1.0
3474,5221,-1.0
3475,5222,-1.0
3476,5223,-1.0
3477,5224,-1.0
3478,5225,-1.0
3479,5226,-1.0
3480,5227,-1.0
3481,5228,-1.0
3482,5229,-1.0
3483,5230,-1.0
3484,5231,-1.0
3485,5232,-1.0
3486,5233,-1.0
3487,5234,-1.0
3488,5235,-1.0
3489,5236,-1.0
3490,5237,-1.0
3491,5238,-1.0
3492,5239,-1.0
3493,5240,-1.0
3494,5241,-1.0
3495,5242,-1.0
3496,5243,-1.0
3497,5244,-1.0
3498,5245,-1.0
3499,5246,-1.0
3500,5247,-1.0
3501,5248,-1.0
3502,5249,-1.0
3503,5250,-1.0
3504,5251,-1.0
3505,5252,-1.0
3506,5253,-1.0
3507,5254,-1.0
3508,5255,-1.0
3509,5256,-1.0
3510,5257,-1.0
3511,5258,-1.0
3512,5259,-1.0
3513,5260,-1.0
3514,5261,-1.0
3515,5262,-1.0
3516,5263,-1.0
3517,5264,-1.0
3518,5265,-1.0
3519,5266,-1.0
3520,5267,-1.0
3521,5268,-1.0
3522,5269,-1.0
3523,5270,-1.0
3524,5271,-1.0
3525,5272,-1.0
3526,5273,-1.0
3527,5274,-1.0
3528,5275,-1.0
3529,5276,-1.0
3530,5277,-1.0
3531,5278,-1.0
3532,5279,-1.0
3533,5280,-1.0
3534,5281,-1.0
3535,5282,-1.0
3536,5283,-1.0
3537,5284,-1.0
3538,5285,-1.0
3539,5286,-1.0
3540,5287,-1.0
3541,5288,-1.0
3542,5289,-1.0
3543,5290,-1.0
3544,5291,-1.0
3545,5292,-1.0
3546,5293,-1.0
3547,5294,-1.0
3548,5295,-1.0
3549,5296,-1.0
3550,5297,-1.0
3551,5298,-1.0
3552,5299,-1.0
3553,5300,-1.0
3554,5301,-1.0
3555,5302,-1.0
3556,5303,-1.0
3557,5304,-1.0
3558,5305,-1.0
3559,5306,-1.0
3560,5307,-1.0
3561,5308,-1.0
3562,5309,-1.0
3563,5310,-1.0
3564,5311,-1.0
3565,5312,-1.0
3566,5313,-1.0
3567,5314,-1.0
3568,5315,-1.0
3569,5316,-1.0
3570,5317,-1.0
3571,5318,-1.0
3572,5319,-1.0
3573,5320,-1.0
3574,5321,-1.0
3575,5322,-1.0
3576,5323,-1.0
3577,5324,-1.0
3578,5325,-1.0
3579,5326,-1.0
3580,5327,-1.0
3581,5328,-1.0
3582,5329,-1.0
3583,5330,-1.0
3584,5331,-1.0
3585,5332,-1.0
3586,5333,-1.0
3587,5334,-1.0
3588,5335,-1.0
3589,5336,-1.0
3590,5337,-1.0
3591,5338,-1.0
3592,5339,-1.0
3593,5340,-1.0
3594,5341,-1.0
3595,5342,-1.0
3596,5343,-1.0
3597,5344,-1.0
3598,5345,-1.0
3599,5346,-1.0
3600,5347,-1.0
